{"x": {"min": -1.623630166053772, "max": -1.32597815990448}, "y": {"min": 0.8172527551651001, "max": 1.1877520084381104}, "z": {"min": 0.6326364278793335, "max": 0.974498987197876}}