{"x": {"min": 0.7847726345062256, "max": 1.0336616039276123}, "y": {"min": 1.1036865711212158, "max": 1.4788304567337036}, "z": {"min": -1.534350872039795, "max": -1.2529397010803223}}