{"x": {"min": -0.13778305053710938, "max": 0.008607149124145508}, "y": {"min": 1.0030384063720703, "max": 1.306654930114746}, "z": {"min": -0.980292558670044, "max": -0.7328817844390869}}