dim,CC,send,solo,min_range,max_range,invert
x,32,True,False,-0.961294651031494,0.478613018989563,False
y,33,True,False,1.3268102407455444,1.6905566453933716,False
z,34,True,False,-2.098019361495972,-1.9778740406036377,False
roll,35,True,False,180.12395416481772,282.2324796719004,False
pitch,36,True,False,158.5423749901511,319.81905211184335,False
yaw,37,True,False,189.08130556738092,224.00873835935707,False
trigger,38,True,False,0.0,1.0,False
