dim,CC,send,solo,min_range,max_range,invert
x,22,True,False,-0.9612946510314941,0.478613018989563,False
y,23,True,False,1.3268102407455444,1.6905566453933716,False
z,24,True,False,-2.0980193614959717,-1.9778740406036377,False
roll,25,True,False,180.12395416481772,282.23247967190036,False
pitch,26,True,False,158.5423749901511,319.81905211184335,False
yaw,27,True,False,189.08130556738095,224.00873835935707,False
trigger,28,True,False,0.0,1.0,False
