dim,CC,send,solo,min_range,max_range,invert
x,22,True,False,-0.21339058876037598,0.1718754768371582,False
y,11,True,False,1.039695382118225,1.405970811843872,False
z,24,True,False,-1.8769900798797607,-1.7827212810516357,False
roll,25,True,False,101.56588282629436,218.44865186551306,False
pitch,26,True,False,143.16790877108875,220.0231278489058,False
yaw,27,True,False,201.84685095079013,234.2804145806835,False
trigger,28,True,False,0.0,1.0,False
