{"x": {"min": -1.2051246166229248, "max": -0.39676016569137573}, "y": {"min": -0.7376391887664795, "max": -0.02593892812728882}, "z": {"min": -2.5424864292144775, "max": -1.602968692779541}, "yaw": {"min": 96.08741190278364, "max": 178.36068977202456}, "pitch": {"min": 92.32003114425014, "max": 249.6790763126441}, "roll": {"min": 145.3592678366259, "max": 283.26428280623463}}