{"x": {"min": 1.2135546207427979, "max": 1.8580944538116455}, "y": {"min": -1.0014560222625732, "max": -0.40000641345977783}, "z": {"min": -1.0014116764068604, "max": -0.3552703857421875}, "yaw": {"min": 19.423756581842156, "max": 211.5533561132928}, "pitch": {"min": 179.98172723038186, "max": 288.49600198221805}, "roll": {"min": 0.87108742513945, "max": 359.4853713203913}}